-- phpMyAdmin SQL Dump
-- version 4.0.4.1
-- http://www.phpmyadmin.net
--
-- Host: localhost
-- Generation Time: Nov 27, 2013 at 11:55 PM
-- Server version: 5.5.31
-- PHP Version: 5.4.19

SET SQL_MODE = "NO_AUTO_VALUE_ON_ZERO";
SET time_zone = "+00:00";

--
-- Database: `db_jamkesda`
--
CREATE DATABASE IF NOT EXISTS `db_jamkesda` DEFAULT CHARACTER SET latin1 COLLATE latin1_swedish_ci;
USE `db_jamkesda`;

-- --------------------------------------------------------

--
-- Table structure for table `kriteria`
--

CREATE TABLE IF NOT EXISTS `kriteria` (
  `ID_KRITERIA` varchar(3) NOT NULL DEFAULT '',
  `NAMA_KRITERIA` varchar(100) DEFAULT NULL,
  `BOBOT_KRITERIA` double DEFAULT NULL,
  PRIMARY KEY (`ID_KRITERIA`)
) ENGINE=InnoDB DEFAULT CHARSET=latin1;

--
-- Dumping data for table `kriteria`
--

INSERT INTO `kriteria` (`ID_KRITERIA`, `NAMA_KRITERIA`, `BOBOT_KRITERIA`) VALUES
('C1', 'jenis lantai bangunan tempat tinggal			 ', 1),
('C2', 'jenis dinding bangunan tempat tinggal			 ', 0.67),
('C3', 'Fasilitas tempat buang air besar', 0.67),
('C4', 'konsumsi daging/ayam/susu perminggu', 0.33),
('C5', 'pembelian pakaian baru setiap anggota rumah tangga', 0.67),
('C6', 'frekuensi makan dalam sehari', 1),
('C7', 'lapangan pekerjaan utama kepala keluarga', 0.33),
('C8', 'pendidikan tertinggi kepala keluarga', 0.33),
('C9', 'pemilik aset/harga bergerak atau tidak bergerak', 1);

-- --------------------------------------------------------

--
-- Table structure for table `login`
--

CREATE TABLE IF NOT EXISTS `login` (
  `USERNAME` varchar(10) DEFAULT NULL,
  `PASSWORD` varchar(10) DEFAULT NULL
) ENGINE=MyISAM DEFAULT CHARSET=latin1;

--
-- Dumping data for table `login`
--

INSERT INTO `login` (`USERNAME`, `PASSWORD`) VALUES
('mirella', 'mirella'),
('ire', 'ire');

-- --------------------------------------------------------

--
-- Table structure for table `poin_kriteria_warga`
--

CREATE TABLE IF NOT EXISTS `poin_kriteria_warga` (
  `NKK` varchar(20) NOT NULL DEFAULT '',
  `ID_KRITERIA` varchar(3) NOT NULL DEFAULT '',
  `id_subkriteria` varchar(5) NOT NULL,
  PRIMARY KEY (`NKK`,`ID_KRITERIA`),
  KEY `NKK` (`NKK`),
  KEY `ID_KRITERIA` (`ID_KRITERIA`),
  KEY `id_subkriteria` (`id_subkriteria`)
) ENGINE=InnoDB DEFAULT CHARSET=latin1;

--
-- Dumping data for table `poin_kriteria_warga`
--

INSERT INTO `poin_kriteria_warga` (`NKK`, `ID_KRITERIA`, `id_subkriteria`) VALUES
('151111610004 ', 'C8', 'SUB-1'),
('151609610001 ', 'C8', 'SUB-1'),
('152108720604 ', 'C4', 'SUB-1'),
('152108720604 ', 'C6', 'SUB-1'),
('152108720604 ', 'C7', 'SUB-1'),
('152108720604 ', 'C8', 'SUB-1'),
('152108720604 ', 'C9', 'SUB-1'),
('153112870006 ', 'C4', 'SUB-1'),
('153112870006 ', 'C6', 'SUB-1'),
('153112870006 ', 'C7', 'SUB-1'),
('153112870006 ', 'C8', 'SUB-1'),
('153112870006 ', 'C9', 'SUB-1'),
('16000531126306 ', 'C4', 'SUB-1'),
('16000531126306 ', 'C5', 'SUB-1'),
('16000531126306 ', 'C7', 'SUB-1'),
('16000531126306 ', 'C8', 'SUB-1'),
('16000531126306 ', 'C9', 'SUB-1'),
('16000600037601 ', 'C7', 'SUB-1'),
('16000601103202', 'C4', 'SUB-1'),
('16000601103202', 'C6', 'SUB-1'),
('16000601103202', 'C7', 'SUB-1'),
('16000601103202', 'C8', 'SUB-1'),
('16000601103202', 'C9', 'SUB-1'),
('16000602125201 ', 'C7', 'SUB-1'),
('16000602125201 ', 'C8', 'SUB-1'),
('16000602125201 ', 'C9', 'SUB-1'),
('16000607053201 ', 'C4', 'SUB-1'),
('16000607053201 ', 'C7', 'SUB-1'),
('16000607053201 ', 'C9', 'SUB-1'),
('16000614027402 ', 'C4', 'SUB-1'),
('16000614027402 ', 'C7', 'SUB-1'),
('16000614027402 ', 'C8', 'SUB-1'),
('16000614027402 ', 'C9', 'SUB-1'),
('16000626125601 ', 'C8', 'SUB-1'),
('16000631120203 ', 'C4', 'SUB-1'),
('16000631120203 ', 'C7', 'SUB-1'),
('16000631120203 ', 'C8', 'SUB-1'),
('16000631120203 ', 'C9', 'SUB-1'),
('16000631123601 ', 'C7', 'SUB-1'),
('16000631123601 ', 'C8', 'SUB-1'),
('16000631123601 ', 'C9', 'SUB-1'),
('160406630001 ', 'C4', 'SUB-1'),
('160406630001 ', 'C5', 'SUB-1'),
('160406630001 ', 'C7', 'SUB-1'),
('160406630001 ', 'C8', 'SUB-1'),
('160406630001 ', 'C9', 'SUB-1'),
('140211840001 ', 'C5', 'SUB-2'),
('140211840001 ', 'C7', 'SUB-2'),
('150402760001 ', 'C1', 'SUB-2'),
('150402760001 ', 'C4', 'SUB-2'),
('150402760001 ', 'C5', 'SUB-2'),
('150904830004 ', 'C4', 'SUB-2'),
('150904830004 ', 'C5', 'SUB-2'),
('151106820005 ', 'C5', 'SUB-2'),
('151106820005 ', 'C7', 'SUB-2'),
('151111610004 ', 'C4', 'SUB-2'),
('151111610004 ', 'C5', 'SUB-2'),
('151111610004 ', 'C7', 'SUB-2'),
('151311860001 ', 'C1', 'SUB-2'),
('151311860001 ', 'C5', 'SUB-2'),
('151311860001 ', 'C7', 'SUB-2'),
('151505750006 ', 'C7', 'SUB-2'),
('151609610001 ', 'C1', 'SUB-2'),
('151609610001 ', 'C3', 'SUB-2'),
('151609610001 ', 'C4', 'SUB-2'),
('151609610001 ', 'C5', 'SUB-2'),
('151609610001 ', 'C6', 'SUB-2'),
('151609610001 ', 'C7', 'SUB-2'),
('151609720003 ', 'C1', 'SUB-2'),
('151609720003 ', 'C5', 'SUB-2'),
('151609720003 ', 'C7', 'SUB-2'),
('152108720604 ', 'C1', 'SUB-2'),
('152108720604 ', 'C3', 'SUB-2'),
('152108720604 ', 'C5', 'SUB-2'),
('152303870002 ', 'C4', 'SUB-2'),
('152303870002 ', 'C5', 'SUB-2'),
('152303870002 ', 'C7', 'SUB-2'),
('153012790007 ', 'C1', 'SUB-2'),
('153012790007 ', 'C3', 'SUB-2'),
('153012790007 ', 'C5', 'SUB-2'),
('153012790007 ', 'C7', 'SUB-2'),
('153012790007 ', 'C8', 'SUB-2'),
('153012790007 ', 'C9', 'SUB-2'),
('153112590050 ', 'C4', 'SUB-2'),
('153112590050 ', 'C5', 'SUB-2'),
('153112590050 ', 'C7', 'SUB-2'),
('153112870006 ', 'C1', 'SUB-2'),
('153112870006 ', 'C3', 'SUB-2'),
('153112870006 ', 'C5', 'SUB-2'),
('16000531126306 ', 'C1', 'SUB-2'),
('16000531126306 ', 'C3', 'SUB-2'),
('16000531126306 ', 'C6', 'SUB-2'),
('16000600037601 ', 'C1', 'SUB-2'),
('16000600037601 ', 'C3', 'SUB-2'),
('16000600037601 ', 'C4', 'SUB-2'),
('16000600037601 ', 'C5', 'SUB-2'),
('16000600037601 ', 'C6', 'SUB-2'),
('16000601103202', 'C1', 'SUB-2'),
('16000601103202', 'C3', 'SUB-2'),
('16000601103202', 'C5', 'SUB-2'),
('16000602125201 ', 'C1', 'SUB-2'),
('16000602125201 ', 'C2', 'SUB-2'),
('16000602125201 ', 'C3', 'SUB-2'),
('16000602125201 ', 'C4', 'SUB-2'),
('16000602125201 ', 'C5', 'SUB-2'),
('16000602125201 ', 'C6', 'SUB-2'),
('16000607053201 ', 'C1', 'SUB-2'),
('16000607053201 ', 'C3', 'SUB-2'),
('16000607053201 ', 'C5', 'SUB-2'),
('16000607053201 ', 'C6', 'SUB-2'),
('16000607053201 ', 'C8', 'SUB-2'),
('16000607095101 ', 'C5', 'SUB-2'),
('16000611016101 ', 'C7', 'SUB-2'),
('16000612085401 ', 'C1', 'SUB-2'),
('16000612085401 ', 'C3', 'SUB-2'),
('16000612085401 ', 'C4', 'SUB-2'),
('16000612085401 ', 'C5', 'SUB-2'),
('16000612085401 ', 'C8', 'SUB-2'),
('16000614027402 ', 'C1', 'SUB-2'),
('16000614027402 ', 'C3', 'SUB-2'),
('16000614027402 ', 'C5', 'SUB-2'),
('16000614027402 ', 'C6', 'SUB-2'),
('16000614037602 ', 'C1', 'SUB-2'),
('16000614037602 ', 'C3', 'SUB-2'),
('16000614037602 ', 'C4', 'SUB-2'),
('16000614037602 ', 'C5', 'SUB-2'),
('16000614037602 ', 'C7', 'SUB-2'),
('16000614037602 ', 'C9', 'SUB-2'),
('16000615066201', 'C5', 'SUB-2'),
('16000616028901 ', 'C5', 'SUB-2'),
('16000616028901 ', 'C7', 'SUB-2'),
('16000616028901 ', 'C8', 'SUB-2'),
('16000616076001 ', 'C1', 'SUB-2'),
('16000616076001 ', 'C3', 'SUB-2'),
('16000616076001 ', 'C4', 'SUB-2'),
('16000616076001 ', 'C5', 'SUB-2'),
('16000621066301 ', 'C5', 'SUB-2'),
('16000621066301 ', 'C7', 'SUB-2'),
('16000624106401', 'C5', 'SUB-2'),
('16000624106401', 'C7', 'SUB-2'),
('16000626016501 ', 'C1', 'SUB-2'),
('16000626016501 ', 'C4', 'SUB-2'),
('16000626016501 ', 'C5', 'SUB-2'),
('16000626016501 ', 'C7', 'SUB-2'),
('16000626125601 ', 'C4', 'SUB-2'),
('16000626125601 ', 'C5', 'SUB-2'),
('16000626125601 ', 'C7', 'SUB-2'),
('16000626127001 ', 'C3', 'SUB-2'),
('16000626127001 ', 'C5', 'SUB-2'),
('16000626127001 ', 'C7', 'SUB-2'),
('16000630128301 ', 'C4', 'SUB-2'),
('16000630128301 ', 'C5', 'SUB-2'),
('16000630128301 ', 'C7', 'SUB-2'),
('16000631120203 ', 'C1', 'SUB-2'),
('16000631120203 ', 'C2', 'SUB-2'),
('16000631120203 ', 'C3', 'SUB-2'),
('16000631120203 ', 'C5', 'SUB-2'),
('16000631120203 ', 'C6', 'SUB-2'),
('16000631123601 ', 'C1', 'SUB-2'),
('16000631123601 ', 'C3', 'SUB-2'),
('16000631123601 ', 'C4', 'SUB-2'),
('16000631123601 ', 'C5', 'SUB-2'),
('16000631123601 ', 'C6', 'SUB-2'),
('160201830006 ', 'C4', 'SUB-2'),
('160201830006 ', 'C5', 'SUB-2'),
('160201830006 ', 'C7', 'SUB-2'),
('160406630001 ', 'C1', 'SUB-2'),
('160406630001 ', 'C2', 'SUB-2'),
('160406630001 ', 'C3', 'SUB-2'),
('160406630001 ', 'C6', 'SUB-2'),
('160810650001 ', 'C3', 'SUB-2'),
('160810650001 ', 'C5', 'SUB-2'),
('352804260273000 ', 'C5', 'SUB-2'),
('140211840001 ', 'C1', 'SUB-3'),
('140211840001 ', 'C2', 'SUB-3'),
('140211840001 ', 'C3', 'SUB-3'),
('140211840001 ', 'C4', 'SUB-3'),
('140211840001 ', 'C6', 'SUB-3'),
('140211840001 ', 'C8', 'SUB-3'),
('140211840001 ', 'C9', 'SUB-3'),
('150402760001 ', 'C2', 'SUB-3'),
('150402760001 ', 'C3', 'SUB-3'),
('150402760001 ', 'C6', 'SUB-3'),
('150402760001 ', 'C7', 'SUB-3'),
('150402760001 ', 'C9', 'SUB-3'),
('150904830004 ', 'C1', 'SUB-3'),
('150904830004 ', 'C2', 'SUB-3'),
('150904830004 ', 'C3', 'SUB-3'),
('150904830004 ', 'C6', 'SUB-3'),
('150904830004 ', 'C7', 'SUB-3'),
('150904830004 ', 'C9', 'SUB-3'),
('151106820005 ', 'C1', 'SUB-3'),
('151106820005 ', 'C2', 'SUB-3'),
('151106820005 ', 'C3', 'SUB-3'),
('151106820005 ', 'C4', 'SUB-3'),
('151106820005 ', 'C6', 'SUB-3'),
('151106820005 ', 'C8', 'SUB-3'),
('151106820005 ', 'C9', 'SUB-3'),
('151111610004 ', 'C1', 'SUB-3'),
('151111610004 ', 'C2', 'SUB-3'),
('151111610004 ', 'C3', 'SUB-3'),
('151111610004 ', 'C6', 'SUB-3'),
('151111610004 ', 'C9', 'SUB-3'),
('151311860001 ', 'C2', 'SUB-3'),
('151311860001 ', 'C3', 'SUB-3'),
('151311860001 ', 'C4', 'SUB-3'),
('151311860001 ', 'C6', 'SUB-3'),
('151311860001 ', 'C8', 'SUB-3'),
('151311860001 ', 'C9', 'SUB-3'),
('151505750006 ', 'C1', 'SUB-3'),
('151505750006 ', 'C2', 'SUB-3'),
('151505750006 ', 'C3', 'SUB-3'),
('151505750006 ', 'C4', 'SUB-3'),
('151505750006 ', 'C5', 'SUB-3'),
('151505750006 ', 'C6', 'SUB-3'),
('151505750006 ', 'C9', 'SUB-3'),
('151609610001 ', 'C2', 'SUB-3'),
('151609610001 ', 'C9', 'SUB-3'),
('151609720003 ', 'C2', 'SUB-3'),
('151609720003 ', 'C3', 'SUB-3'),
('151609720003 ', 'C4', 'SUB-3'),
('151609720003 ', 'C6', 'SUB-3'),
('151609720003 ', 'C8', 'SUB-3'),
('151609720003 ', 'C9', 'SUB-3'),
('152108720604 ', 'C2', 'SUB-3'),
('152303870002 ', 'C1', 'SUB-3'),
('152303870002 ', 'C2', 'SUB-3'),
('152303870002 ', 'C3', 'SUB-3'),
('152303870002 ', 'C6', 'SUB-3'),
('152303870002 ', 'C8', 'SUB-3'),
('152303870002 ', 'C9', 'SUB-3'),
('153012790007 ', 'C2', 'SUB-3'),
('153012790007 ', 'C4', 'SUB-3'),
('153012790007 ', 'C6', 'SUB-3'),
('153112590050 ', 'C1', 'SUB-3'),
('153112590050 ', 'C2', 'SUB-3'),
('153112590050 ', 'C3', 'SUB-3'),
('153112590050 ', 'C6', 'SUB-3'),
('153112590050 ', 'C8', 'SUB-3'),
('153112590050 ', 'C9', 'SUB-3'),
('153112870006 ', 'C2', 'SUB-3'),
('16000531126306 ', 'C2', 'SUB-3'),
('16000600037601 ', 'C2', 'SUB-3'),
('16000600037601 ', 'C9', 'SUB-3'),
('16000601103202', 'C2', 'SUB-3'),
('16000607053201 ', 'C2', 'SUB-3'),
('16000607095101 ', 'C1', 'SUB-3'),
('16000607095101 ', 'C2', 'SUB-3'),
('16000607095101 ', 'C3', 'SUB-3'),
('16000607095101 ', 'C4', 'SUB-3'),
('16000607095101 ', 'C6', 'SUB-3'),
('16000607095101 ', 'C7', 'SUB-3'),
('16000607095101 ', 'C9', 'SUB-3'),
('16000611016101 ', 'C1', 'SUB-3'),
('16000611016101 ', 'C2', 'SUB-3'),
('16000611016101 ', 'C3', 'SUB-3'),
('16000611016101 ', 'C4', 'SUB-3'),
('16000611016101 ', 'C5', 'SUB-3'),
('16000611016101 ', 'C6', 'SUB-3'),
('16000611016101 ', 'C9', 'SUB-3'),
('16000612085401 ', 'C2', 'SUB-3'),
('16000612085401 ', 'C6', 'SUB-3'),
('16000612085401 ', 'C7', 'SUB-3'),
('16000612085401 ', 'C9', 'SUB-3'),
('16000614027402 ', 'C2', 'SUB-3'),
('16000614037602 ', 'C2', 'SUB-3'),
('16000614037602 ', 'C6', 'SUB-3'),
('16000614037602 ', 'C8', 'SUB-3'),
('16000615066201', 'C1', 'SUB-3'),
('16000615066201', 'C2', 'SUB-3'),
('16000615066201', 'C3', 'SUB-3'),
('16000615066201', 'C4', 'SUB-3'),
('16000615066201', 'C6', 'SUB-3'),
('16000615066201', 'C7', 'SUB-3'),
('16000615066201', 'C9', 'SUB-3'),
('16000616028901 ', 'C1', 'SUB-3'),
('16000616028901 ', 'C2', 'SUB-3'),
('16000616028901 ', 'C3', 'SUB-3'),
('16000616028901 ', 'C4', 'SUB-3'),
('16000616028901 ', 'C6', 'SUB-3'),
('16000616028901 ', 'C9', 'SUB-3'),
('16000616076001 ', 'C2', 'SUB-3'),
('16000616076001 ', 'C6', 'SUB-3'),
('16000616076001 ', 'C7', 'SUB-3'),
('16000616076001 ', 'C8', 'SUB-3'),
('16000616076001 ', 'C9', 'SUB-3'),
('16000621066301 ', 'C1', 'SUB-3'),
('16000621066301 ', 'C2', 'SUB-3'),
('16000621066301 ', 'C3', 'SUB-3'),
('16000621066301 ', 'C4', 'SUB-3'),
('16000621066301 ', 'C6', 'SUB-3'),
('16000621066301 ', 'C8', 'SUB-3'),
('16000621066301', 'C9', 'SUB-3'),
('16000624106401', 'C1', 'SUB-3'),
('16000624106401', 'C2', 'SUB-3'),
('16000624106401', 'C3', 'SUB-3'),
('16000624106401', 'C4', 'SUB-3'),
('16000624106401', 'C6', 'SUB-3'),
('16000624106401', 'C8', 'SUB-3'),
('16000624106401', 'C9', 'SUB-3'),
('16000626016501 ', 'C2', 'SUB-3'),
('16000626016501 ', 'C3', 'SUB-3'),
('16000626016501 ', 'C6', 'SUB-3'),
('16000626016501 ', 'C9', 'SUB-3'),
('16000626125601 ', 'C1', 'SUB-3'),
('16000626125601 ', 'C2', 'SUB-3'),
('16000626125601 ', 'C3', 'SUB-3'),
('16000626125601 ', 'C6', 'SUB-3'),
('16000626125601 ', 'C9', 'SUB-3'),
('16000626127001 ', 'C1', 'SUB-3'),
('16000626127001 ', 'C2', 'SUB-3'),
('16000626127001 ', 'C4', 'SUB-3'),
('16000626127001 ', 'C6', 'SUB-3'),
('16000626127001 ', 'C9', 'SUB-3'),
('16000630128301 ', 'C1', 'SUB-3'),
('16000630128301 ', 'C2', 'SUB-3'),
('16000630128301 ', 'C3', 'SUB-3'),
('16000630128301 ', 'C6', 'SUB-3'),
('16000630128301 ', 'C8', 'SUB-3'),
('16000630128301 ', 'C9', 'SUB-3'),
('16000631123601 ', 'C2', 'SUB-3'),
('160201830006 ', 'C1', 'SUB-3'),
('160201830006 ', 'C2', 'SUB-3'),
('160201830006 ', 'C3', 'SUB-3'),
('160201830006 ', 'C6', 'SUB-3'),
('160201830006 ', 'C9', 'SUB-3'),
('160810650001 ', 'C1', 'SUB-3'),
('160810650001 ', 'C2', 'SUB-3'),
('160810650001 ', 'C4', 'SUB-3'),
('160810650001 ', 'C6', 'SUB-3'),
('160810650001 ', 'C7', 'SUB-3'),
('160810650001 ', 'C9', 'SUB-3'),
('352804260273000 ', 'C1', 'SUB-3'),
('352804260273000 ', 'C2', 'SUB-3'),
('352804260273000 ', 'C3', 'SUB-3'),
('352804260273000 ', 'C4', 'SUB-3'),
('352804260273000 ', 'C6', 'SUB-3'),
('352804260273000 ', 'C7', 'SUB-3'),
('352804260273000 ', 'C9', 'SUB-3'),
('150402760001 ', 'C8', 'SUB-4'),
('150904830004 ', 'C8', 'SUB-4'),
('151505750006 ', 'C8', 'SUB-4'),
('16000600037601 ', 'C8', 'SUB-4'),
('16000607095101 ', 'C8', 'SUB-4'),
('16000611016101 ', 'C8', 'SUB-4'),
('16000615066201', 'C8', 'SUB-4'),
('16000626016501 ', 'C8', 'SUB-4'),
('16000626127001 ', 'C8', 'SUB-4'),
('160201830006 ', 'C8', 'SUB-4'),
('160810650001 ', 'C8', 'SUB-4'),
('352804260273000 ', 'C8', 'SUB-4');

-- --------------------------------------------------------

--
-- Table structure for table `subkriteria`
--

CREATE TABLE IF NOT EXISTS `subkriteria` (
  `ID_SUBKRITERIA` varchar(6) NOT NULL DEFAULT '',
  `NAMA_SUBKRITERIA` varchar(50) DEFAULT NULL,
  `BOBOT_SUBKRITERIA` double(11,2) DEFAULT NULL,
  `ID_KRITERIA` varchar(3) NOT NULL DEFAULT '',
  PRIMARY KEY (`ID_SUBKRITERIA`,`ID_KRITERIA`),
  KEY `ID_KRITERIA` (`ID_KRITERIA`)
) ENGINE=InnoDB DEFAULT CHARSET=latin1;

--
-- Dumping data for table `subkriteria`
--

INSERT INTO `subkriteria` (`ID_SUBKRITERIA`, `NAMA_SUBKRITERIA`, `BOBOT_SUBKRITERIA`, `ID_KRITERIA`) VALUES
('SUB-1', 'Tanah', 0.33, 'C1'),
('SUB-1', 'Tembok Bambu', 0.33, 'C2'),
('SUB-1', 'Tidak Punya', 0.33, 'C3'),
('SUB-1', 'Tidak Pernah', 0.33, 'C4'),
('SUB-1', 'Tidak Pernah', 0.33, 'C5'),
('SUB-1', '1 kali sehari', 0.33, 'C6'),
('SUB-1', 'Buruh', 0.33, 'C7'),
('SUB-1', 'Tamat SD', 0.25, 'C8'),
('SUB-1', 'Tidak Mempunyai', 0.33, 'C9'),
('SUB-2', 'Ubin', 0.67, 'C1'),
('SUB-2', 'Tembok Batu Bata', 0.67, 'C2'),
('SUB-2', 'Sederhana', 0.67, 'C3'),
('SUB-2', 'Seminggu 1 kali', 0.67, 'C4'),
('SUB-2', 'Setiap Hari Raya', 0.67, 'C5'),
('SUB-2', '2 kali sehari', 0.67, 'C6'),
('SUB-2', 'Pedagang/Wiraswasta/Peg.Swasta', 0.67, 'C7'),
('SUB-2', 'Tamat SMP', 0.50, 'C8'),
('SUB-2', 'Harta benda dijual < 500rb', 0.67, 'C9'),
('SUB-3', 'Keramik', 1.00, 'C1'),
('SUB-3', 'Tembok Halus', 1.00, 'C2'),
('SUB-3', 'Modern', 1.00, 'C3'),
('SUB-3', 'Seminggu 2 kali', 1.00, 'C4'),
('SUB-3', '3 bulan sekali', 1.00, 'C5'),
('SUB-3', '3 kali sehari', 1.00, 'C6'),
('SUB-3', 'PNS', 1.00, 'C7'),
('SUB-3', 'Tamat SMA', 0.75, 'C8'),
('SUB-3', 'Harta benda dijual > 500rb', 1.00, 'C9'),
('SUB-4', 'Tamat DIII/S1/S2', 1.00, 'C8');

-- --------------------------------------------------------

--
-- Table structure for table `warga`
--

CREATE TABLE IF NOT EXISTS `warga` (
  `NKK` varchar(20) NOT NULL,
  `NAMA_KEPALA_KELUARGA` varchar(100) DEFAULT NULL,
  `ALAMAT` varchar(100) DEFAULT NULL,
  `RT_RW` varchar(7) DEFAULT NULL,
  `DESA` varchar(25) DEFAULT NULL,
  `HASIL_KEPUTUSAN` varchar(20) DEFAULT NULL,
  PRIMARY KEY (`NKK`)
) ENGINE=InnoDB DEFAULT CHARSET=latin1;

--
-- Dumping data for table `warga`
--

INSERT INTO `warga` (`NKK`, `NAMA_KEPALA_KELUARGA`, `ALAMAT`, `RT_RW`, `DESA`, `HASIL_KEPUTUSAN`) VALUES
('140211840001 ', 'Jumarianto', 'Gg.Makam Sedeng', '012/002', 'Kepatihan', '2.9392373134328356'),
('150402760001 ', 'Yuli Setiyanto', 'JL.Dr.Soetomo M.sedeng 33', '012/002', 'Kepatihan', '3.241737313432836'),
('150904830004 ', 'Catur Indrowono', 'JL.Dr.Cipto Gg.Makam Sedeng', '012/002', 'Kepatihan', '2.911737313432836'),
('151106820005 ', 'Imam Hambali', 'Jl.Dr.Soetomo Gg.Makam Sedeng', '012/002', 'Kepatihan', '2.9392373134328356'),
('151111610004 ', 'Sadiran', 'Gg.Makam Sedeng', '012/002', 'Kepatihan', '3.2128746268656716'),
('151311860001 ', 'Rohmad Ismail', 'Jl.Soetomo Gg.Makam Sedeng', '012/002', 'Kepatihan', '3.269237313432836'),
('151505750006 ', 'Yurdas Fernandes,SE ', 'Jl.Panglima Sudirman', '012/002', 'Kepatihan', '2.802837313432836'),
('151609610001 ', 'Suyitno', 'Gg.Makam Sedeng', '012/002', 'Kepatihan', '3.926511940298507'),
('151609720003 ', 'Moch.Anang Wahyudi', 'Kepatihan', '012/002', 'Kepatihan', '3.269237313432836'),
('152108720604 ', 'Samiran', 'Kepatihan', '012/002', 'Kepatihan', '5.4389'),
('152303870002 ', 'Anton Subagio', 'JL.Dr.Soetomo No.106', '012/002', 'Kepatihan', '2.9928746268656714'),
('153012790007 ', 'Witoyo', 'Jl.Soetomo Gg.Makam Sedeng', '012/002', 'Kepatihan', '3.7078746268656717'),
('153112590050 ', 'Suardi', 'Kepatihan', '012/002', 'Kepatihan', '2.9928746268656714'),
('153112870006 ', 'Hariono', 'Kepatihan', '012/002', 'Kepatihan', '5.4389'),
('16000531126306 ', 'Sutowo', 'Kepatihan', '012/002', 'Kepatihan', '5.271437313432836'),
('16000600037601 ', 'Audrey Liady', 'Kepatihan', '012/002', 'Kepatihan', '3.8464746268656715'),
('16000601103202', 'Kuntinah', 'Kepatihan', '012/002', 'Kepatihan', '5.4389'),
('16000602125201 ', 'Wiro Karno', 'Kepatihan', '012/002', 'Kepatihan', '4.985074626865671'),
('16000607053201 ', 'Tukino', 'Kepatihan', '012/002', 'Kepatihan', '4.766437313432836'),
('16000607095101 ', 'Samsul Churri,SE,MM', 'JL.Pahlawan', '012/002', 'Kepatihan', '2.8581000000000003'),
('16000611016101 ', 'Achmad Sri Yanto', 'Jl.P.Sudirman 23', '012/002', 'Kepatihan', '2.802837313432836'),
('16000612085401 ', 'Suroto', 'Kepatihan', '012/002', 'Kepatihan', '3.545337313432836'),
('16000614027402 ', 'Hari Hariyono', 'Kepatihan', '012/002', 'Kepatihan', '4.931437313432836'),
('16000614037602 ', 'Sugiono', 'Kepatihan', '012/002', 'Kepatihan', '3.706511940298507'),
('16000615066201', 'Hary S', 'Kepatihan', '012/002', 'Kepatihan', '2.8581000000000003'),
('16000616028901 ', 'Suroso', 'Kepatihan', '012/002', 'Kepatihan', '2.9942373134328357'),
('16000616076001 ', 'Budi Wahyono Putro', 'Kepatihan', '012/002', 'Kepatihan', '3.490337313432836'),
('16000621066301 ', 'Agus Setyo', 'Kepatihan', '012/002', 'Kepatihan', '2.9392373134328356'),
('16000624106401 ', 'Soekristiono', 'Kepatihan', '012/002', 'Kepatihan', '2.9392373134328356'),
('16000626016501 ', 'Edy Kurniadi', 'Kepatihan', '012/002', 'Kepatihan', '3.2953746268656716'),
('16000626125601 ', 'Soekari', 'Kepatihan', '012/002', 'Kepatihan', '3.2128746268656716'),
('16000626127001 ', 'Noer Wahyuni', 'Kepatihan', '012/002', 'Kepatihan', '3.1328373134328356'),
('16000630128301 ', 'Sugiyanto', 'Kepatihan', '012/002', 'Kepatihan', '2.9928746268656714'),
('16000631120203 ', 'Mamik Slamet', 'Kepatihan', '012/002', 'Kepatihan', '5.152537313432836'),
('16000631123601 ', 'Taminah', 'Kepatihan', '012/002', 'Kepatihan', '4.7639746268656715'),
('160201830006 ', 'Rudhi Kusumawardana ', 'JL.Dr.Soetomo No.44', '012/002', 'Kepatihan', '2.9653746268656715'),
('160406630001 ', 'Sukadi', 'Kepatihan', '012/002', 'Kepatihan', '5.492537313432836'),
('160810650001 ', 'Tutikno', 'JL.Pahlawan', '012/002', 'Kepatihan', '3.0792'),
('352804260273000 ', 'Ari Budhi Rachmanto ', 'JL.Trunojoyo No.1', '012/002', 'Kepatihan', '2.8581000000000003');

--
-- Constraints for dumped tables
--

--
-- Constraints for table `poin_kriteria_warga`
--
ALTER TABLE `poin_kriteria_warga`
  ADD CONSTRAINT `poin_kriteria_warga_ibfk_1` FOREIGN KEY (`NKK`) REFERENCES `warga` (`NKK`),
  ADD CONSTRAINT `poin_kriteria_warga_ibfk_2` FOREIGN KEY (`ID_KRITERIA`) REFERENCES `kriteria` (`ID_KRITERIA`),
  ADD CONSTRAINT `poin_kriteria_warga_ibfk_3` FOREIGN KEY (`id_subkriteria`) REFERENCES `subkriteria` (`ID_SUBKRITERIA`);

--
-- Constraints for table `subkriteria`
--
ALTER TABLE `subkriteria`
  ADD CONSTRAINT `subkriteria_ibfk_1` FOREIGN KEY (`ID_KRITERIA`) REFERENCES `kriteria` (`ID_KRITERIA`);
